  [          
            {
                "title": "$3 off",
                "description": "$3 off Creat 3D Whitestrips.",
                "expiry": "01/01/2016"
            },
            {
                "title": "5c off",
                "description": "5c off Old Spice for Men.",
                "expiry": "04/11/2017"
            },
            {
                "title": "Buy one get one Free",
                "description": "Free fuddy duddy each time.",
                "expiry": "03/04/2016"
            },
            {
                "title": "$1000 Free",
                "description": "1000c off your next spend.",
                "expiry": "04/11/2017"
            },
            {
                "title": "Free Wine",
                "description": "Couple of bottles of wine free.",
                "expiry": "04/04/2016"
            },
            {
                "title": "$15 off",
                "description": "$15 off Carrots.",
                "expiry": "02/01/2017"
            },
            {
                "title": "123c off",
                "description": "123c off ham.",
                "expiry": "05/05/2018"
            }  
]